Year ,Per Capita Consumption
2020,1529.705014
2021,1582.382061
2022,1631.008583
2023,1682.077898
2024,1735.466239
2025,1789.40636
2026,1842.695149
2027,1895.458616
2028,1948.167319
2029,2001.048087
